source,target,weight,edge_in_prob_v,edge_out_prob_u
0,1,0.031178812,0.65643805,0.65643805
0,2,0.028963586,0.65643805,0.65643805
0,3,0.03947199,0.65643805,0.65643805
0,4,0.04098712,0.65643805,0.65643805
0,5,0.025614832,0.65643805,0.65643805
0,6,0.034164418,0.65643805,0.65643805
0,7,0.036353737,0.65643805,0.65643805
0,8,0.03918953,0.65643805,0.65643805
0,9,0.04060937,0.65643805,0.65643805
0,10,0.025506692,0.65643805,0.65643805
0,11,0.034192007,0.65643805,0.65643805
0,12,0.039156675,0.65643805,0.65643805
0,13,0.02920307,0.65643805,0.65643805
0,14,0.040540908,0.65643805,0.65643805
0,15,0.025634704,0.65643805,0.65643805
0,16,0.041296985,0.65643805,0.65643805
0,17,0.028107343,0.65643805,0.65643805
0,18,0.031603552,0.65643805,0.65643805
0,19,0.026332682,0.65643805,0.65643805
0,20,0.02556616,0.65643805,0.65643805
0,21,0.04124051,0.65643805,0.65643805
0,22,0.037683643,0.65643805,0.65643805
0,23,0.032198176,0.65643805,0.65643805
0,24,0.034125894,0.65643805,0.65643805
0,25,0.025731666,0.65643805,0.65643805
0,26,0.025616147,0.65643805,0.65643805
0,27,0.028285,0.65643805,0.65643805
0,28,0.041276388,0.65643805,0.65643805
0,29,0.04129504,0.65643805,0.65643805
0,30,0.028873455,0.65643805,0.65643805
1,0,0.03640625,0.65643805,0.65643805
1,2,0.029657828,0.65643805,0.65643805
1,3,0.035201002,0.65643805,0.65643805
1,4,0.015669033,0.65643805,0.65643805
1,5,0.036833555,0.65643805,0.65643805
1,6,0.05863407,0.65643805,0.65643805
1,7,0.03329457,0.65643805,0.65643805
1,8,0.038412016,0.65643805,0.65643805
1,9,0.019011032,0.65643805,0.65643805
1,10,0.040214457,0.65643805,0.65643805
1,11,0.058984004,0.65643805,0.65643805
1,12,0.039651647,0.65643805,0.65643805
1,13,0.02930734,0.65643805,0.65643805
1,14,0.0197921,0.65643805,0.65643805
1,15,0.035489753,0.65643805,0.65643805
1,16,0.014080918,0.65643805,0.65643805
1,17,0.030660065,0.65643805,0.65643805
1,18,0.02767435,0.65643805,0.65643805
1,19,0.053133864,0.65643805,0.65643805
1,20,0.037640486,0.65643805,0.65643805
1,21,0.014313199,0.65643805,0.65643805
1,22,0.051020097,0.65643805,0.65643805
1,23,0.027340945,0.65643805,0.65643805
1,24,0.05903268,0.65643805,0.65643805
1,25,0.03389021,0.65643805,0.65643805
1,26,0.03618073,0.65643805,0.65643805
1,27,0.030458538,0.65643805,0.65643805
1,28,0.014173299,0.65643805,0.65643805
1,29,0.014068629,0.65643805,0.65643805
1,30,0.029773435,0.65643805,0.65643805
2,0,0.04168871,0.65643805,0.65643805
2,1,0.038548518,0.65643805,0.65643805
2,3,0.04140697,0.65643805,0.65643805
2,4,0.034184832,0.65643805,0.65643805
2,5,0.031415146,0.65643805,0.65643805
2,6,0.03833689,0.65643805,0.65643805
2,7,0.02242119,0.65643805,0.65643805
2,8,0.04217344,0.65643805,0.65643805
2,9,0.03635086,0.65643805,0.65643805
2,10,0.032462835,0.65643805,0.65643805
2,11,0.03888943,0.65643805,0.65643805
2,12,0.042261567,0.65643805,0.65643805
2,13,0.024962068,0.65643805,0.65643805
2,14,0.036749028,0.65643805,0.65643805
2,15,0.030980837,0.65643805,0.65643805
2,16,0.032668687,0.65643805,0.65643805
2,17,0.026371827,0.65643805,0.65643805
2,18,0.0227868,0.65643805,0.65643805
2,19,0.036842696,0.65643805,0.65643805
2,20,0.031640727,0.65643805,0.65643805
2,21,0.03293452,0.65643805,0.65643805
2,22,0.043888114,0.65643805,0.65643805
2,23,0.022355787,0.65643805,0.65643805
2,24,0.039054632,0.65643805,0.65643805
2,25,0.03051908,0.65643805,0.65643805
2,26,0.031192679,0.65643805,0.65643805
2,27,0.02612431,0.65643805,0.65643805
2,28,0.032776836,0.65643805,0.65643805
2,29,0.03265852,0.65643805,0.65643805
2,30,0.025352485,0.65643805,0.65643805
3,0,0.039495185,0.65643805,0.65643805
3,1,0.03040376,0.65643805,0.65643805
3,2,0.028799865,0.65643805,0.65643805
3,4,0.04197336,0.65643805,0.65643805
3,5,0.025403071,0.65643805,0.65643805
3,6,0.033314236,0.65643805,0.65643805
3,7,0.03602504,0.65643805,0.65643805
3,8,0.03920884,0.65643805,0.65643805
3,9,0.041376926,0.65643805,0.65643805
3,10,0.025253901,0.65643805,0.65643805
3,11,0.033319242,0.65643805,0.65643805
3,12,0.03913434,0.65643805,0.65643805
3,13,0.0290436,0.65643805,0.65643805
3,14,0.04126612,0.65643805,0.65643805
3,15,0.025441,0.65643805,0.65643805
3,16,0.042422846,0.65643805,0.65643805
3,17,0.027936453,0.65643805,0.65643805
3,18,0.031459883,0.65643805,0.65643805
3,19,0.025862942,0.65643805,0.65643805
3,20,0.025345419,0.65643805,0.65643805
3,21,0.042343676,0.65643805,0.65643805
3,22,0.03724733,0.65643805,0.65643805
3,23,0.032060016,0.65643805,0.65643805
3,24,0.033253096,0.65643805,0.65643805
3,25,0.025557315,0.65643805,0.65643805
3,26,0.02541349,0.65643805,0.65643805
3,27,0.028115109,0.65643805,0.65643805
3,28,0.042393196,0.65643805,0.65643805
3,29,0.042422086,0.65643805,0.65643805
3,30,0.028708585,0.65643805,0.65643805
4,0,0.03962063,0.65643805,0.65643805
4,1,0.019924637,0.65643805,0.65643805
4,2,0.02330065,0.65643805,0.65643805
4,3,0.040603418,0.65643805,0.65643805
4,5,0.020546349,0.65643805,0.65643805
4,6,0.02106442,0.65643805,0.65643805
4,7,0.026316034,0.65643805,0.65643805
4,8,0.037934326,0.65643805,0.65643805
4,9,0.05928254,0.65643805,0.65643805
4,10,0.020103673,0.65643805,0.65643805
4,11,0.020938192,0.65643805,0.65643805
4,12,0.036985226,0.65643805,0.65643805
4,13,0.02351928,0.65643805,0.65643805
4,14,0.05796226,0.65643805,0.65643805
4,15,0.02073564,0.65643805,0.65643805
4,16,0.07047599,0.65643805,0.65643805
4,17,0.02262856,0.65643805,0.65643805
4,18,0.02540688,0.65643805,0.65643805
4,19,0.019081146,0.65643805,0.65643805
4,20,0.02042847,0.65643805,0.65643805
4,21,0.06977175,0.65643805,0.65643805
4,22,0.02823588,0.65643805,0.65643805
4,23,0.025903925,0.65643805,0.65643805
4,24,0.020905184,0.65643805,0.65643805
4,25,0.021001775,0.65643805,0.65643805
4,26,0.02063455,0.65643805,0.65643805
4,27,0.022761302,0.65643805,0.65643805
4,28,0.07019503,0.65643805,0.65643805
4,29,0.070508175,0.65643805,0.65643805
4,30,0.023224179,0.65643805,0.65643805
5,0,0.04178534,0.65643805,0.65643805
5,1,0.046065956,0.65643805,0.65643805
5,2,0.02555128,0.65643805,0.65643805
5,3,0.0412184,0.65643805,0.65643805
5,4,0.027571358,0.65643805,0.65643805
5,6,0.04604331,0.65643805,0.65643805
5,7,0.0244891,0.65643805,0.65643805
5,8,0.042719234,0.65643805,0.65643805
5,9,0.03127193,0.65643805,0.65643805
5,10,0.03474633,0.65643805,0.65643805
5,11,0.046675917,0.65643805,0.65643805
5,12,0.043101065,0.65643805,0.65643805
5,13,0.025209246,0.65643805,0.65643805
5,14,0.031989157,0.65643805,0.65643805
5,15,0.032111954,0.65643805,0.65643805
5,16,0.02523327,0.65643805,0.65643805
5,17,0.026817197,0.65643805,0.65643805
5,18,0.022865755,0.65643805,0.65643805
5,19,0.042441607,0.65643805,0.65643805
5,20,0.03329607,0.65643805,0.65643805
5,21,0.025621831,0.65643805,0.65643805
5,22,0.047354545,0.65643805,0.65643805
5,23,0.022400541,0.65643805,0.65643805
5,24,0.046826005,0.65643805,0.65643805
5,25,0.031276032,0.65643805,0.65643805
5,26,0.03249505,0.65643805,0.65643805
5,27,0.02654312,0.65643805,0.65643805
5,28,0.025390627,0.65643805,0.65643805
5,29,0.025215691,0.65643805,0.65643805
5,30,0.025672982,0.65643805,0.65643805
6,0,0.036405314,0.65643805,0.65643805
6,1,0.0609381,0.65643805,0.65643805
6,2,0.028856829,0.65643805,0.65643805
6,3,0.03525389,0.65643805,0.65643805
6,4,0.017025283,0.65643805,0.65643805
6,5,0.034667518,0.65643805,0.65643805
6,7,0.033294965,0.65643805,0.65643805
6,8,0.03833361,0.65643805,0.65643805
6,9,0.0201857,0.65643805,0.65643805
6,10,0.038017325,0.65643805,0.65643805
6,11,0.06173214,0.65643805,0.65643805
6,12,0.03959753,0.65643805,0.65643805
6,13,0.028586157,0.65643805,0.65643805
6,14,0.020912059,0.65643805,0.65643805
6,15,0.03339412,0.65643805,0.65643805
6,16,0.015479873,0.65643805,0.65643805
6,17,0.029563118,0.65643805,0.65643805
6,18,0.027581654,0.65643805,0.65643805
6,19,0.0528719,0.65643805,0.65643805
6,20,0.03546249,0.65643805,0.65643805
6,21,0.015706856,0.65643805,0.65643805
6,22,0.051633015,0.65643805,0.65643805
6,23,0.027383594,0.65643805,0.65643805
6,24,0.06177738,0.65643805,0.65643805
6,25,0.03188226,0.65643805,0.65643805
6,26,0.03405107,0.65643805,0.65643805
6,27,0.02942482,0.65643805,0.65643805
6,28,0.015570105,0.65643805,0.65643805
6,29,0.015467395,0.65643805,0.65643805
6,30,0.02894406,0.65643805,0.65643805
7,0,0.040386815,0.65643805,0.65643805
7,1,0.03065059,0.65643805,0.65643805
7,2,0.026387958,0.65643805,0.65643805
7,3,0.04042798,0.65643805,0.65643805
7,4,0.040141378,0.65643805,0.65643805
7,5,0.03079085,0.65643805,0.65643805
7,6,0.030287446,0.65643805,0.65643805
7,8,0.040321413,0.65643805,0.65643805
7,9,0.040541198,0.65643805,0.65643805
7,10,0.030982608,0.65643805,0.65643805
7,11,0.030544084,0.65643805,0.65643805
7,12,0.040108874,0.65643805,0.65643805
7,13,0.026176851,0.65643805,0.65643805
7,14,0.040596183,0.65643805,0.65643805
7,15,0.030694522,0.65643805,0.65643805
7,16,0.039743602,0.65643805,0.65643805
7,17,0.027273992,0.65643805,0.65643805
7,18,0.024358107,0.65643805,0.65643805
7,19,0.031464245,0.65643805,0.65643805
7,20,0.030821553,0.65643805,0.65643805
7,21,0.039827123,0.65643805,0.65643805
7,22,0.038414612,0.65643805,0.65643805
7,23,0.023991497,0.65643805,0.65643805
7,24,0.030640982,0.65643805,0.65643805
7,25,0.030620752,0.65643805,0.65643805
7,26,0.030736482,0.65643805,0.65643805
7,27,0.027077058,0.65643805,0.65643805
7,28,0.039778296,0.65643805,0.65643805
7,29,0.039742492,0.65643805,0.65643805
7,30,0.026470505,0.65643805,0.65643805
8,0,0.039155956,0.65643805,0.65643805
8,1,0.032679766,0.65643805,0.65643805
8,2,0.029271783,0.65643805,0.65643805
8,3,0.039147366,0.65643805,0.65643805
8,4,0.039178815,0.65643805,0.65643805
8,5,0.026026858,0.65643805,0.65643805
8,6,0.035776336,0.65643805,0.65643805
8,7,0.036915105,0.65643805,0.65643805
8,9,0.03916875,0.65643805,0.65643805
8,10,0.026001275,0.65643805,0.65643805
8,11,0.03584524,0.65643805,0.65643805
8,12,0.039097186,0.65643805,0.65643805
8,13,0.02950256,0.65643805,0.65643805
8,14,0.039172135,0.65643805,0.65643805
8,15,0.026011907,0.65643805,0.65643805
8,16,0.03925457,0.65643805,0.65643805
8,17,0.02843155,0.65643805,0.65643805
8,18,0.031864945,0.65643805,0.65643805
8,19,0.027262874,0.65643805,0.65643805
8,20,0.025996905,0.65643805,0.65643805
8,21,0.039236326,0.65643805,0.65643805
8,22,0.0384025,0.65643805,0.65643805
8,23,0.032447245,0.65643805,0.65643805
8,24,0.03578005,0.65643805,0.65643805
8,25,0.026069958,0.65643805,0.65643805
8,26,0.026010916,0.65643805,0.65643805
8,27,0.028606843,0.65643805,0.65643805
8,28,0.039249286,0.65643805,0.65643805
8,29,0.039250895,0.65643805,0.65643805
8,30,0.029184226,0.65643805,0.65643805
9,0,0.039848678,0.65643805,0.65643805
9,1,0.02154685,0.65643805,0.65643805
9,2,0.024741914,0.65643805,0.65643805
9,3,0.040614642,0.65643805,0.65643805
9,4,0.05995493,0.65643805,0.65643805
9,5,0.021650726,0.65643805,0.65643805
9,6,0.023054685,0.65643805,0.65643805
9,7,0.028745709,0.65643805,0.65643805
9,8,0.038495097,0.65643805,0.65643805
9,10,0.02120493,0.65643805,0.65643805
9,11,0.02291971,0.65643805,0.65643805
9,12,0.037750762,0.65643805,0.65643805
9,13,0.024981428,0.65643805,0.65643805
9,14,0.053760134,0.65643805,0.65643805
9,15,0.021834753,0.65643805,0.65643805
9,16,0.063341096,0.65643805,0.65643805
9,17,0.023984656,0.65643805,0.65643805
9,18,0.02710308,0.65643805,0.65643805
9,19,0.020223131,0.65643805,0.65643805
9,20,0.021530442,0.65643805,0.65643805
9,21,0.06278531,0.65643805,0.65643805
9,22,0.030282006,0.65643805,0.65643805
9,23,0.027654598,0.65643805,0.65643805
9,24,0.022877144,0.65643805,0.65643805
9,25,0.022100225,0.65643805,0.65643805
9,26,0.021735651,0.65643805,0.65643805
9,27,0.024135696,0.65643805,0.65643805
9,28,0.0631199,0.65643805,0.65643805
9,29,0.063365035,0.65643805,0.65643805
9,30,0.02465704,0.65643805,0.65643805
10,0,0.041116767,0.65643805,0.65643805
10,1,0.047815017,0.65643805,0.65643805
10,2,0.026315775,0.65643805,0.65643805
10,3,0.04046936,0.65643805,0.65643805
10,4,0.025251236,0.65643805,0.65643805
10,5,0.033993237,0.65643805,0.65643805
10,6,0.047707208,0.65643805,0.65643805
10,7,0.02557214,0.65643805,0.65643805
10,8,0.04218112,0.65643805,0.65643805
10,9,0.02921817,0.65643805,0.65643805
10,11,0.048294697,0.65643805,0.65643805
10,12,0.0426523,0.65643805,0.65643805
10,13,0.025950247,0.65643805,0.65643805
10,14,0.030003687,0.65643805,0.65643805
10,15,0.033132546,0.65643805,0.65643805
10,16,0.022836719,0.65643805,0.65643805
10,17,0.027636532,0.65643805,0.65643805
10,18,0.0235026,0.65643805,0.65643805
10,19,0.044230096,0.65643805,0.65643805
10,20,0.034449276,0.65643805,0.65643805
10,21,0.023230972,0.65643805,0.65643805
10,22,0.047637675,0.65643805,0.65643805
10,23,0.023012849,0.65643805,0.65643805
10,24,0.048428245,0.65643805,0.65643805
10,25,0.03219068,0.65643805,0.65643805
10,26,0.03355905,0.65643805,0.65643805
10,27,0.027352642,0.65643805,0.65643805
10,28,0.022996,0.65643805,0.65643805
10,29,0.022818567,0.65643805,0.65643805
10,30,0.02644474,0.65643805,0.65643805
11,0,0.036310364,0.65643805,0.65643805
11,1,0.060800035,0.65643805,0.65643805
11,2,0.02898433,0.65643805,0.65643805
11,3,0.035162363,0.65643805,0.65643805
11,4,0.017019728,0.65643805,0.65643805
11,5,0.03472109,0.65643805,0.65643805
11,6,0.061188273,0.65643805,0.65643805
11,7,0.033545088,0.65643805,0.65643805
11,8,0.038229983,0.65643805,0.65643805
11,9,0.020165073,0.65643805,0.65643805
11,10,0.03804202,0.65643805,0.65643805
11,12,0.03948976,0.65643805,0.65643805
11,13,0.028716415,0.65643805,0.65643805
11,14,0.020887999,0.65643805,0.65643805
11,15,0.03345276,0.65643805,0.65643805
11,16,0.015481973,0.65643805,0.65643805
11,17,0.029680878,0.65643805,0.65643805
11,18,0.027733175,0.65643805,0.65643805
11,19,0.05277639,0.65643805,0.65643805
11,20,0.035507005,0.65643805,0.65643805
11,21,0.015707994,0.65643805,0.65643805
11,22,0.051496048,0.65643805,0.65643805
11,23,0.027539132,0.65643805,0.65643805
11,24,0.061645057,0.65643805,0.65643805
11,25,0.03195424,0.65643805,0.65643805
11,26,0.03410605,0.65643805,0.65643805
11,27,0.029544776,0.65643805,0.65643805
11,28,0.015571854,0.65643805,0.65643805
11,29,0.01546952,0.65643805,0.65643805
11,30,0.029070579,0.65643805,0.65643805
12,0,0.038956128,0.65643805,0.65643805
12,1,0.033814993,0.65643805,0.65643805
12,2,0.029476369,0.65643805,0.65643805
12,3,0.03889761,0.65643805,0.65643805
12,4,0.03791254,0.65643805,0.65643805
12,5,0.026325718,0.65643805,0.65643805
12,6,0.03697236,0.65643805,0.65643805
12,7,0.037288662,0.65643805,0.65643805
12,8,0.038939483,0.65643805,0.65643805
12,9,0.03814806,0.65643805,0.65643805
12,10,0.026365524,0.65643805,0.65643805
12,11,0.037074972,0.65643805,0.65643805
12,13,0.029699584,0.65643805,0.65643805
12,14,0.038199868,0.65643805,0.65643805
12,15,0.026283149,0.65643805,0.65643805
12,16,0.037834413,0.65643805,0.65643805
12,17,0.028651634,0.65643805,0.65643805
12,18,0.03202521,0.65643805,0.65643805
12,19,0.027974855,0.65643805,0.65643805
12,20,0.026310407,0.65643805,0.65643805
12,21,0.03784104,0.65643805,0.65643805
12,22,0.03890953,0.65643805,0.65643805
12,23,0.03259633,0.65643805,0.65643805
12,24,0.037010852,0.65643805,0.65643805
12,25,0.026310721,0.65643805,0.65643805
12,26,0.026295982,0.65643805,0.65643805
12,27,0.028824348,0.65643805,0.65643805
12,28,0.037839033,0.65643805,0.65643805
12,29,0.03782952,0.65643805,0.65643805
12,30,0.029391017,0.65643805,0.65643805
13,0,0.04173391,0.65643805,0.65643805
13,1,0.038042817,0.65643805,0.65643805
13,2,0.025208402,0.65643805,0.65643805
13,3,0.041471757,0.65643805,0.65643805
13,4,0.034660093,0.65643805,0.65643805
13,5,0.031282704,0.65643805,0.65643805
13,6,0.03783764,0.65643805,0.65643805
13,7,0.022313561,0.65643805,0.65643805
13,8,0.04218692,0.65643805,0.65643805
13,9,0.03672665,0.65643805,0.65643805
13,10,0.0322809,0.65643805,0.65643805
13,11,0.03837507,0.65643805,0.65643805
13,12,0.04225489,0.65643805,0.65643805
13,14,0.037104685,0.65643805,0.65643805
13,15,0.030869376,0.65643805,0.65643805
13,16,0.033201672,0.65643805,0.65643805
13,17,0.026319426,0.65643805,0.65643805
13,18,0.022775246,0.65643805,0.65643805
13,19,0.036447857,0.65643805,0.65643805
13,20,0.031497363,0.65643805,0.65643805
13,21,0.033458386,0.65643805,0.65643805
13,22,0.04367684,0.65643805,0.65643805
13,23,0.022348821,0.65643805,0.65643805
13,24,0.038538545,0.65643805,0.65643805
13,25,0.03043022,0.65643805,0.65643805
13,26,0.031070879,0.65643805,0.65643805
13,27,0.026074683,0.65643805,0.65643805
13,28,0.033306092,0.65643805,0.65643805
13,29,0.033191998,0.65643805,0.65643805
13,30,0.02531253,0.65643805,0.65643805
14,0,0.03988862,0.65643805,0.65643805
14,1,0.021910578,0.65643805,0.65643805
14,2,0.025021678,0.65643805,0.65643805
14,3,0.040612992,0.65643805,0.65643805
14,4,0.058780126,0.65643805,0.65643805
14,5,0.021871941,0.65643805,0.65643805
14,6,0.023497717,0.65643805,0.65643805
14,7,0.029230332,0.65643805,0.65643805
14,8,0.03859943,0.65643805,0.65643805
14,9,0.053899158,0.65643805,0.65643805
14,10,0.021429017,0.65643805,0.65643805
14,11,0.023362922,0.65643805,0.65643805
14,12,0.03789493,0.65643805,0.65643805
14,13,0.025264531,0.65643805,0.65643805
14,15,0.02205329,0.65643805,0.65643805
14,16,0.06197004,0.65643805,0.65643805
14,17,0.024249408,0.65643805,0.65643805
14,18,0.027427046,0.65643805,0.65643805
14,19,0.020470703,0.65643805,0.65643805
14,20,0.02175197,0.65643805,0.65643805
14,21,0.061445333,0.65643805,0.65643805
14,22,0.030697022,0.65643805,0.65643805
14,23,0.027987687,0.65643805,0.65643805
14,24,0.023318427,0.65643805,0.65643805
14,25,0.022316882,0.65643805,0.65643805
14,26,0.021955421,0.65643805,0.65643805
14,27,0.02440379,0.65643805,0.65643805
14,28,0.06176133,0.65643805,0.65643805
14,29,0.06199228,0.65643805,0.65643805
14,30,0.024935355,0.65643805,0.65643805
15,0,0.041977093,0.65643805,0.65643805
15,1,0.04544515,0.65643805,0.65643805
15,2,0.025320478,0.65643805,0.65643805
15,3,0.04143696,0.65643805,0.65643805
15,4,0.028340772,0.65643805,0.65643805
15,5,0.032542605,0.65643805,0.65643805
15,6,0.045450594,0.65643805,0.65643805
15,7,0.024129713,0.65643805,0.65643805
15,8,0.042869255,0.65643805,0.65643805
15,9,0.031933784,0.65643805,0.65643805
15,10,0.034331974,0.65643805,0.65643805
15,11,0.046092335,0.65643805,0.65643805
15,12,0.04322173,0.65643805,0.65643805
15,13,0.024986105,0.65643805,0.65643805
15,14,0.032625634,0.65643805,0.65643805
15,16,0.02604341,0.65643805,0.65643805
15,17,0.026567709,0.65643805,0.65643805
15,18,0.022675898,0.65643805,0.65643805
15,19,0.041833222,0.65643805,0.65643805
15,20,0.032932453,0.65643805,0.65643805
15,21,0.026427364,0.65643805,0.65643805
15,22,0.047233656,0.65643805,0.65643805
15,23,0.022218468,0.65643805,0.65643805
15,24,0.0462476,0.65643805,0.65643805
15,25,0.030992078,0.65643805,0.65643805
15,26,0.032161802,0.65643805,0.65643805
15,27,0.026297027,0.65643805,0.65643805
15,28,0.026198981,0.65643805,0.65643805
15,29,0.02602623,0.65643805,0.65643805
15,30,0.025439806,0.65643805,0.65643805
16,0,0.039492264,0.65643805,0.65643805
16,1,0.019062579,0.65643805,0.65643805
16,2,0.022386104,0.65643805,0.65643805
16,3,0.040618002,0.65643805,0.65643805
16,4,0.07015978,0.65643805,0.65643805
16,5,0.019867292,0.65643805,0.65643805
16,6,0.020003382,0.65643805,0.65643805
16,7,0.024839612,0.65643805,0.65643805
16,8,0.037588175,0.65643805,0.65643805
16,9,0.062318027,0.65643805,0.65643805
16,10,0.019438518,0.65643805,0.65643805
16,11,0.019888395,0.65643805,0.65643805
16,12,0.03650659,0.65643805,0.65643805
16,13,0.022588998,0.65643805,0.65643805
16,14,0.060789537,0.65643805,0.65643805
16,15,0.020053927,0.65643805,0.65643805
16,17,0.02177325,0.65643805,0.65643805
16,18,0.024312101,0.65643805,0.65643805
16,19,0.018440984,0.65643805,0.65643805
16,20,0.019753492,0.65643805,0.65643805
16,21,0.07423712,0.65643805,0.65643805
16,22,0.027013518,0.65643805,0.65643805
16,23,0.024769312,0.65643805,0.65643805
16,24,0.01986091,0.65643805,0.65643805
16,25,0.020314315,0.65643805,0.65643805
16,26,0.019954525,0.65643805,0.65643805
16,27,0.02189355,0.65643805,0.65643805
16,28,0.07470604,0.65643805,0.65643805
16,29,0.075054124,0.65643805,0.65643805
16,30,0.022315692,0.65643805,0.65643805
17,0,0.04173558,0.65643805,0.65643805
17,1,0.04002775,0.65643805,0.65643805
17,2,0.025242941,0.65643805,0.65643805
17,3,0.041396756,0.65643805,0.65643805
17,4,0.0329371,0.65643805,0.65643805
17,5,0.031655762,0.65643805,0.65643805
17,6,0.03985002,0.65643805,0.65643805
17,7,0.022710003,0.65643805,0.65643805
17,8,0.042311452,0.65643805,0.65643805
17,9,0.035409518,0.65643805,0.65643805
17,10,0.032852944,0.65643805,0.65643805
17,11,0.040446997,0.65643805,0.65643805
17,12,0.042456813,0.65643805,0.65643805
17,13,0.024946634,0.65643805,0.65643805
17,14,0.03586916,0.65643805,0.65643805
17,15,0.0311568,0.65643805,0.65643805
17,16,0.031242829,0.65643805,0.65643805
17,18,0.022728829,0.65643805,0.65643805
17,19,0.03789926,0.65643805,0.65643805
17,20,0.031913225,0.65643805,0.65643805
17,21,0.031536683,0.65643805,0.65643805
17,22,0.044647772,0.65643805,0.65643805
17,23,0.022289386,0.65643805,0.65643805
17,24,0.04061645,0.65643805,0.65643805
17,25,0.030628022,0.65643805,0.65643805
17,26,0.031400304,0.65643805,0.65643805
17,27,0.026146024,0.65643805,0.65643805
17,28,0.031362258,0.65643805,0.65643805
17,29,0.031231025,0.65643805,0.65643805
17,30,0.025351822,0.65643805,0.65643805
18,0,0.041668728,0.65643805,0.65643805
18,1,0.03445848,0.65643805,0.65643805
18,2,0.025226282,0.65643805,0.65643805
18,3,0.041553717,0.65643805,0.65643805
18,4,0.037815984,0.65643805,0.65643805
18,5,0.030607792,0.65643805,0.65643805
18,6,0.034240294,0.65643805,0.65643805
18,7,0.021822542,0.65643805,0.65643805
18,8,0.041881647,0.65643805,0.65643805
18,9,0.03912046,0.65643805,0.65643805
18,10,0.031249935,0.65643805,0.65643805
18,11,0.034633465,0.65643805,0.65643805
18,12,0.041804954,0.65643805,0.65643805
18,13,0.02497802,0.65643805,0.65643805
18,14,0.03934749,0.65643805,0.65643805
18,15,0.030347256,0.65643805,0.65643805
18,16,0.036816806,0.65643805,0.65643805
18,17,0.026238503,0.65643805,0.65643805
18,19,0.033808514,0.65643805,0.65643805
18,20,0.030746412,0.65643805,0.65643805
18,21,0.036999643,0.65643805,0.65643805
18,22,0.04170401,0.65643805,0.65643805
18,23,0.022577295,0.65643805,0.65643805
18,24,0.034773335,0.65643805,0.65643805
18,25,0.030067101,0.65643805,0.65643805
18,26,0.030474119,0.65643805,0.65643805
18,27,0.02601412,0.65643805,0.65643805
18,28,0.03689125,0.65643805,0.65643805
18,29,0.03681119,0.65643805,0.65643805
18,30,0.025320569,0.65643805,0.65643805
19,0,0.03861768,0.65643805,0.65643805
19,1,0.05292039,0.65643805,0.65643805
19,2,0.029311668,0.65643805,0.65643805
19,3,0.037629247,0.65643805,0.65643805
19,4,0.01776729,0.65643805,0.65643805
19,5,0.03755571,0.65643805,0.65643805
19,6,0.05274483,0.65643805,0.65643805
19,7,0.030497195,0.65643805,0.65643805
19,8,0.040232267,0.65643805,0.65643805
19,9,0.021925852,0.65643805,0.65643805
19,10,0.04025004,0.65643805,0.65643805
19,11,0.053130757,0.65643805,0.65643805
19,12,0.04109173,0.65643805,0.65643805
19,13,0.028891195,0.65643805,0.65643805
19,14,0.022842057,0.65643805,0.65643805
19,15,0.03641792,0.65643805,0.65643805
19,16,0.01563238,0.65643805,0.65643805
19,17,0.030685933,0.65643805,0.65643805
19,18,0.026371958,0.65643805,0.65643805
19,20,0.038186017,0.65643805,0.65643805
19,21,0.015956605,0.65643805,0.65643805
19,22,0.048959,0.65643805,0.65643805
19,23,0.025852816,0.65643805,0.65643805
19,24,0.0532032,0.65643805,0.65643805
19,25,0.035099156,0.65643805,0.65643805
19,26,0.036993947,0.65643805,0.65643805
19,27,0.030399429,0.65643805,0.65643805
19,28,0.015762096,0.65643805,0.65643805
19,29,0.015616398,0.65643805,0.65643805
19,30,0.029455194,0.65643805,0.65643805
20,0,0.041569095,0.65643805,0.65643805
20,1,0.046585698,0.65643805,0.65643805
20,2,0.025770735,0.65643805,0.65643805
20,3,0.040979654,0.65643805,0.65643805
20,4,0.026887124,0.65643805,0.65643805
20,5,0.033216897,0.65643805,0.65643805
20,6,0.04653103,0.65643805,0.65643805
20,7,0.024773296,0.65643805,0.65643805
20,8,0.042540304,0.65643805,0.65643805
20,9,0.030666456,0.65643805,0.65643805
20,10,0.035130464,0.65643805,0.65643805
20,11,0.04715069,0.65643805,0.65643805
20,12,0.042947378,0.65643805,0.65643805
20,13,0.02542146,0.65643805,0.65643805
20,14,0.0314033,0.65643805,0.65643805
20,15,0.03241531,0.65643805,0.65643805
20,16,0.02452351,0.65643805,0.65643805
20,17,0.027054396,0.65643805,0.65643805
20,18,0.02304325,0.65643805,0.65643805
20,19,0.042974778,0.65643805,0.65643805
20,21,0.024914373,0.65643805,0.65643805
20,22,0.047415894,0.65643805,0.65643805
20,23,0.02257012,0.65643805,0.65643805
20,24,0.04729641,0.65643805,0.65643805
20,25,0.031548396,0.65643805,0.65643805
20,26,0.032810837,0.65643805,0.65643805
20,27,0.026777012,0.65643805,0.65643805
20,28,0.02468165,0.65643805,0.65643805
20,29,0.024505774,0.65643805,0.65643805
20,30,0.0258947,0.65643805,0.65643805
21,0,0.039507866,0.65643805,0.65643805
21,1,0.0191859,0.65643805,0.65643805
21,2,0.02252559,0.65643805,0.65643805
21,3,0.04061141,0.65643805,0.65643805
21,4,0.06953814,0.65643805,0.65643805
21,5,0.019969344,0.65643805,0.65643805
21,6,0.020155217,0.65643805,0.65643805
21,7,0.0250633,0.65643805,0.65643805
21,8,0.037637692,0.65643805,0.65643805
21,9,0.061842646,0.65643805,0.65643805
21,10,0.019537864,0.65643805,0.65643805
21,11,0.020038387,0.65643805,0.65643805
21,12,0.036576606,0.65643805,0.65643805
21,13,0.022731088,0.65643805,0.65643805
21,14,0.06034567,0.65643805,0.65643805
21,15,0.020156683,0.65643805,0.65643805
21,16,0.07432366,0.65643805,0.65643805
21,17,0.021903379,0.65643805,0.65643805
21,18,0.024480427,0.65643805,0.65643805
21,19,0.018534238,0.65643805,0.65643805
21,20,0.019854771,0.65643805,0.65643805
21,22,0.027194902,0.65643805,0.65643805
21,23,0.024944043,0.65643805,0.65643805
21,24,0.020010138,0.65643805,0.65643805
21,25,0.020418309,0.65643805,0.65643805
21,26,0.020056875,0.65643805,0.65643805
21,27,0.022025626,0.65643805,0.65643805
21,28,0.074016415,0.65643805,0.65643805
21,29,0.074359685,0.65643805,0.65643805
21,30,0.022454208,0.65643805,0.65643805
22,0,0.03664773,0.65643805,0.65643805
22,1,0.04706434,0.65643805,0.65643805
22,2,0.030264096,0.65643805,0.65643805
22,3,0.036124647,0.65643805,0.65643805
22,4,0.027057035,0.65643805,0.65643805
22,5,0.029054468,0.65643805,0.65643805
22,6,0.049929645,0.65643805,0.65643805
22,7,0.03865343,0.65643805,0.65643805
22,8,0.037442554,0.65643805,0.65643805
22,9,0.028989995,0.65643805,0.65643805
22,10,0.030068398,0.65643805,0.65643805
22,11,0.05041686,0.65643805,0.65643805
22,12,0.03805286,0.65643805,0.65643805
22,13,0.030360777,0.65643805,0.65643805
22,14,0.02939529,0.65643805,0.65643805
22,15,0.0286306,0.65643805,0.65643805
22,16,0.025985792,0.65643805,0.65643805
22,17,0.02977468,0.65643805,0.65643805
22,18,0.031915523,0.65643805,0.65643805
22,19,0.036882225,0.65643805,0.65643805
22,20,0.029263027,0.65643805,0.65643805
22,21,0.026150197,0.65643805,0.65643805
22,23,0.032288004,0.65643805,0.65643805
22,24,0.0503988,0.65643805,0.65643805
22,25,0.028220637,0.65643805,0.65643805
22,26,0.028837336,0.65643805,0.65643805
22,27,0.029883936,0.65643805,0.65643805
22,28,0.026052792,0.65643805,0.65643805
22,29,0.025974397,0.65643805,0.65643805
22,30,0.030220043,0.65643805,0.65643805
23,0,0.04166599,0.65643805,0.65643805
23,1,0.033639196,0.65643805,0.65643805
23,2,0.025215287,0.65643805,0.65643805
23,3,0.041587014,0.65643805,0.65643805
23,4,0.038588636,0.65643805,0.65643805
23,5,0.030418474,0.65643805,0.65643805
23,6,0.033432614,0.65643805,0.65643805
23,7,0.021723295,0.65643805,0.65643805
23,8,0.041819476,0.65643805,0.65643805
23,9,0.039710313,0.65643805,0.65643805
23,10,0.03097966,0.65643805,0.65643805
23,11,0.033788383,0.65643805,0.65643805
23,12,0.041707806,0.65643805,0.65643805
23,13,0.024975272,0.65643805,0.65643805
23,14,0.039901145,0.65643805,0.65643805
23,15,0.030192805,0.65643805,0.65643805
23,16,0.037701085,0.65643805,0.65643805
23,17,0.026200721,0.65643805,0.65643805
23,18,0.023014685,0.65643805,0.65643805
23,19,0.03317679,0.65643805,0.65643805
23,20,0.030539937,0.65643805,0.65643805
23,21,0.037865866,0.65643805,0.65643805
23,22,0.04122941,0.65643805,0.65643805
23,24,0.033921037,0.65643805,0.65643805
23,25,0.02994885,0.65643805,0.65643805
23,26,0.03030264,0.65643805,0.65643805
23,27,0.025981959,0.65643805,0.65643805
23,28,0.03776822,0.65643805,0.65643805
23,29,0.037696496,0.65643805,0.65643805
23,30,0.025306953,0.65643805,0.65643805
24,0,0.03624179,0.65643805,0.65643805
24,1,0.06076673,0.65643805,0.65643805
24,2,0.029035144,0.65643805,0.65643805
24,3,0.035095856,0.65643805,0.65643805
24,4,0.017006105,0.65643805,0.65643805
24,5,0.034753196,0.65643805,0.65643805
24,6,0.061151106,0.65643805,0.65643805
24,7,0.03360784,0.65643805,0.65643805
24,8,0.038158722,0.65643805,0.65643805
24,9,0.020140646,0.65643805,0.65643805
24,10,0.03806717,0.65643805,0.65643805
24,11,0.06156323,0.65643805,0.65643805
24,12,0.039416898,0.65643805,0.65643805
24,13,0.028767718,0.65643805,0.65643805
24,14,0.02086108,0.65643805,0.65643805
24,15,0.033487063,0.65643805,0.65643805
24,16,0.015473501,0.65643805,0.65643805
24,17,0.029729333,0.65643805,0.65643805
24,18,0.02778832,0.65643805,0.65643805
24,19,0.052763324,0.65643805,0.65643805
24,20,0.03553744,0.65643805,0.65643805
24,21,0.01569878,0.65643805,0.65643805
24,22,0.051424995,0.65643805,0.65643805
24,23,0.027594876,0.65643805,0.65643805
24,25,0.031991012,0.65643805,0.65643805
24,26,0.034139216,0.65643805,0.65643805
24,27,0.02959373,0.65643805,0.65643805
24,28,0.01556309,0.65643805,0.65643805
24,29,0.015461072,0.65643805,0.65643805
24,30,0.029121125,0.65643805,0.65643805
25,0,0.04236664,0.65643805,0.65643805
25,1,0.044364855,0.65643805,0.65643805
25,2,0.024946647,0.65643805,0.65643805
25,3,0.04186916,0.65643805,0.65643805
25,4,0.029659923,0.65643805,0.65643805
25,5,0.03194662,0.65643805,0.65643805
25,6,0.044436496,0.65643805,0.65643805
25,7,0.023630675,0.65643805,0.65643805
25,8,0.04318904,0.65643805,0.65643805
25,9,0.0330754,0.65643805,0.65643805
25,10,0.033620432,0.65643805,0.65643805
25,11,0.045095086,0.65643805,0.65643805
25,12,0.04349377,0.65643805,0.65643805
25,13,0.024626119,0.65643805,0.65643805
25,14,0.033726208,0.65643805,0.65643805
25,15,0.031244801,0.65643805,0.65643805
25,16,0.027435998,0.65643805,0.65643805
25,17,0.026157951,0.65643805,0.65643805
25,18,0.022383804,0.65643805,0.65643805
25,19,0.040773652,0.65643805,0.65643805
25,20,0.03230747,0.65643805,0.65643805
25,21,0.02781116,0.65643805,0.65643805
25,22,0.047087133,0.65643805,0.65643805
25,23,0.021941574,0.65643805,0.65643805
25,24,0.04525805,0.65643805,0.65643805
25,26,0.031588156,0.65643805,0.65643805
25,27,0.025894003,0.65643805,0.65643805
25,28,0.027588205,0.65643805,0.65643805
25,29,0.027419405,0.65643805,0.65643805
25,30,0.025061538,0.65643805,0.65643805
26,0,0.04185426,0.65643805,0.65643805
26,1,0.04580596,0.65643805,0.65643805
26,2,0.025455967,0.65643805,0.65643805
26,3,0.041298818,0.65643805,0.65643805
26,4,0.027889496,0.65643805,0.65643805
26,5,0.0327487,0.65643805,0.65643805
26,6,0.045792446,0.65643805,0.65643805
26,7,0.024327522,0.65643805,0.65643805
26,8,0.042770624,0.65643805,0.65643805
26,9,0.031543285,0.65643805,0.65643805
26,10,0.034576878,0.65643805,0.65643805
26,11,0.04642833,0.65643805,0.65643805
26,12,0.04314003,0.65643805,0.65643805
26,13,0.025116991,0.65643805,0.65643805
26,14,0.032249443,0.65643805,0.65643805
26,15,0.031983186,0.65643805,0.65643805
26,16,0.025569059,0.65643805,0.65643805
26,17,0.026714649,0.65643805,0.65643805
26,18,0.022785744,0.65643805,0.65643805
26,19,0.042190067,0.65643805,0.65643805
26,20,0.03314807,0.65643805,0.65643805
26,21,0.025955627,0.65643805,0.65643805
26,22,0.047293648,0.65643805,0.65643805
26,23,0.022323446,0.65643805,0.65643805
26,24,0.046580732,0.65643805,0.65643805
26,25,0.03116139,0.65643805,0.65643805
26,27,0.026441792,0.65643805,0.65643805
26,28,0.0257256,0.65643805,0.65643805
26,29,0.025551615,0.65643805,0.65643805
26,30,0.025576713,0.65643805,0.65643805
27,0,0.04171389,0.65643805,0.65643805
27,1,0.039735906,0.65643805,0.65643805
27,2,0.025251303,0.65643805,0.65643805
27,3,0.04138629,0.65643805,0.65643805
27,4,0.033172715,0.65643805,0.65643805
27,5,0.031618666,0.65643805,0.65643805
27,6,0.03954754,0.65643805,0.65643805
27,7,0.022653341,0.65643805,0.65643805
27,8,0.042272095,0.65643805,0.65643805
27,9,0.035583783,0.65643805,0.65643805
27,10,0.032785844,0.65643805,0.65643805
27,11,0.040136304,0.65643805,0.65643805
27,12,0.042406376,0.65643805,0.65643805
27,13,0.024957055,0.65643805,0.65643805
27,14,0.03603111,0.65643805,0.65643805
27,15,0.03113261,0.65643805,0.65643805
27,16,0.031514015,0.65643805,0.65643805
27,17,0.026402699,0.65643805,0.65643805
27,18,0.022745721,0.65643805,0.65643805
27,19,0.03769773,0.65643805,0.65643805
27,20,0.031869728,0.65643805,0.65643805
27,21,0.031802345,0.65643805,0.65643805
27,22,0.044489812,0.65643805,0.65643805
27,23,0.022307536,0.65643805,0.65643805
27,24,0.04030503,0.65643805,0.65643805
27,25,0.030617211,0.65643805,0.65643805
27,26,0.031369805,0.65643805,0.65643805
27,28,0.031631224,0.65643805,0.65643805
27,29,0.03150258,0.65643805,0.65643805
27,30,0.025359616,0.65643805,0.65643805
28,0,0.039500024,0.65643805,0.65643805
28,1,0.019109491,0.65643805,0.65643805
28,2,0.022439107,0.65643805,0.65643805
28,3,0.040617175,0.65643805,0.65643805
28,4,0.0699186,0.65643805,0.65643805
28,5,0.019905925,0.65643805,0.65643805
28,6,0.020061398,0.65643805,0.65643805
28,7,0.024925707,0.65643805,0.65643805
28,8,0.037609108,0.65643805,0.65643805
28,9,0.0621341,0.65643805,0.65643805
28,10,0.019476103,0.65643805,0.65643805
28,11,0.019945744,0.65643805,0.65643805
28,12,0.03653543,0.65643805,0.65643805
28,13,0.022643002,0.65643805,0.65643805
28,14,0.060617883,0.65643805,0.65643805
28,15,0.020092774,0.65643805,0.65643805
28,16,0.07474795,0.65643805,0.65643805
28,17,0.021822635,0.65643805,0.65643805
28,18,0.024376294,0.65643805,0.65643805
28,19,0.018476266,0.65643805,0.65643805
28,20,0.0197918,0.65643805,0.65643805
28,21,0.073971696,0.65643805,0.65643805
28,22,0.027084548,0.65643805,0.65643805
28,23,0.024835968,0.65643805,0.65643805
28,24,0.019917944,0.65643805,0.65643805
28,25,0.020353667,0.65643805,0.65643805
28,26,0.01999325,0.65643805,0.65643805
28,27,0.021943718,0.65643805,0.65643805
28,29,0.0747844,0.65643805,0.65643805
28,30,0.022368317,0.65643805,0.65643805
29,0,0.039491937,0.65643805,0.65643805
29,1,0.019055726,0.65643805,0.65643805
29,2,0.022378163,0.65643805,0.65643805
29,3,0.040618923,0.65643805,0.65643805
29,4,0.070193246,0.65643805,0.65643805
29,5,0.019861385,0.65643805,0.65643805
29,6,0.019995077,0.65643805,0.65643805
29,7,0.02482715,0.65643805,0.65643805
29,8,0.03758607,0.65643805,0.65643805
29,9,0.062343888,0.65643805,0.65643805
29,10,0.01943283,0.65643805,0.65643805
29,11,0.019880196,0.65643805,0.65643805
29,12,0.036503326,0.65643805,0.65643805
29,13,0.02258094,0.65643805,0.65643805
29,14,0.06081375,0.65643805,0.65643805
29,15,0.020048,0.65643805,0.65643805
29,16,0.07505439,0.65643805,0.65643805
29,17,0.021765836,0.65643805,0.65643805
29,18,0.024302639,0.65643805,0.65643805
29,19,0.018435664,0.65643805,0.65643805
29,20,0.01974764,0.65643805,0.65643805
29,21,0.07427355,0.65643805,0.65643805
29,22,0.027003989,0.65643805,0.65643805
29,23,0.02475945,0.65643805,0.65643805
29,24,0.019852769,0.65643805,0.65643805
29,25,0.020308336,0.65643805,0.65643805
29,26,0.01994862,0.65643805,0.65643805
29,27,0.02188605,0.65643805,0.65643805
29,28,0.0747427,0.65643805,0.65643805
29,30,0.022307847,0.65643805,0.65643805
30,0,0.041678555,0.65643805,0.65643805
30,1,0.038729426,0.65643805,0.65643805
30,2,0.025256546,0.65643805,0.65643805
30,3,0.04138975,0.65643805,0.65643805
30,4,0.03401924,0.65643805,0.65643805
30,5,0.03145744,0.65643805,0.65643805
30,6,0.03851708,0.65643805,0.65643805
30,7,0.022458551,0.65643805,0.65643805
30,8,0.042174626,0.65643805,0.65643805
30,9,0.0362215,0.65643805,0.65643805
30,10,0.032523014,0.65643805,0.65643805
30,11,0.039075103,0.65643805,0.65643805
30,12,0.04226996,0.65643805,0.65643805
30,13,0.024970017,0.65643805,0.65643805
30,14,0.03662692,0.65643805,0.65643805
30,15,0.031015446,0.65643805,0.65643805
30,16,0.032482192,0.65643805,0.65643805
30,17,0.02638609,0.65643805,0.65643805
30,18,0.022787508,0.65643805,0.65643805
30,19,0.036980715,0.65643805,0.65643805
30,20,0.031686872,0.65643805,0.65643805
30,21,0.032751318,0.65643805,0.65643805
30,22,0.04396858,0.65643805,0.65643805
30,23,0.022355007,0.65643805,0.65643805
30,24,0.039240796,0.65643805,0.65643805
30,25,0.030545505,0.65643805,0.65643805
30,26,0.031231118,0.65643805,0.65643805
30,27,0.026137613,0.65643805,0.65643805
30,28,0.03259161,0.65643805,0.65643805
30,29,0.032471802,0.65643805,0.65643805
